{
	"info": {
		"_postman_id": "a8028d2c-07ad-4e67-a33f-5c92815372fa",
		"name": "FMS",
		"schema": "https://schema.getpostman.com/json/collection/v2.1.0/collection.json",
		"_exporter_id": "23413836"
	},
	"item": [
		{
			"name": "client",
			"item": [
				{
					"name": "createclint",
					"request": {
						"method": "POST",
						"header": [
							{
								"key": "Content-Type",
								"value": "application/json"
							}
						],
						"body": {
							"mode": "raw",
							"raw": "{\r\n  \"company_name\": \"Example Company\",\r\n  \"contact_person\": \"John Doe\",\r\n  \"email\": \"john.doe@example.com\",\r\n  \"phone_number\": \"123456789\",\r\n  \"address\": \"123 Main Street\",\r\n  \"citys\": 1,\r\n  \"state\": 1,\r\n  \"postal_code\": 12345,\r\n  \"country\": 1,\r\n  \"address2\": \"456 Second St\",\r\n  \"city2\": 2,\r\n  \"state2\": 2,\r\n  \"postal_code2\": 54321,\r\n  \"country2\": 2,\r\n  \"username\": \"john_doe\",\r\n  \"password\": \"password123\"\r\n}"
						},
						"url": {
							"raw": "http://localhost:3004/api/client/",
							"protocol": "http",
							"host": [
								"localhost"
							],
							"port": "3004",
							"path": [
								"api",
								"client",
								""
							]
						}
					},
					"response": []
				},
				{
					"name": "Get all cilents",
					"request": {
						"method": "GET",
						"header": [],
						"url": {
							"raw": "http://localhost:3004/api/client",
							"protocol": "http",
							"host": [
								"localhost"
							],
							"port": "3004",
							"path": [
								"api",
								"client"
							]
						}
					},
					"response": []
				},
				{
					"name": "single client",
					"request": {
						"method": "GET",
						"header": [],
						"url": {
							"raw": "http://localhost:3004/api/client/1",
							"protocol": "http",
							"host": [
								"localhost"
							],
							"port": "3004",
							"path": [
								"api",
								"client",
								"1"
							]
						}
					},
					"response": []
				},
				{
					"name": "updateClient",
					"request": {
						"method": "PUT",
						"header": [
							{
								"key": "Content-Type",
								"value": "application/json"
							}
						],
						"body": {
							"mode": "raw",
							"raw": "{\r\n  \"company_name\": \"Samsung\",\r\n  \"contact_person\": \"dell\",\r\n  \"email\": \"dell.email@example.com\",\r\n  \"phone_number\": \"987654321\",\r\n  \"address\": \"Updated Address\",\r\n  \"city\": \"Updated City\",\r\n  \"state\": \"Updated State\",\r\n  \"postal_code\": \"54321\",\r\n  \"country\": \"Updated Country\",\r\n  \"username\": \"updated_user\",\r\n  \"password\": \"updated_password\"\r\n}"
						},
						"url": {
							"raw": "http://localhost:3004/api/client/2",
							"protocol": "http",
							"host": [
								"localhost"
							],
							"port": "3004",
							"path": [
								"api",
								"client",
								"2"
							]
						}
					},
					"response": []
				},
				{
					"name": "Delete Client",
					"request": {
						"method": "DELETE",
						"header": [],
						"url": {
							"raw": "http://localhost:3004/api/client/5",
							"protocol": "http",
							"host": [
								"localhost"
							],
							"port": "3004",
							"path": [
								"api",
								"client",
								"5"
							]
						}
					},
					"response": []
				}
			]
		},
		{
			"name": "Driver",
			"item": [
				{
					"name": "Get All Drivers",
					"request": {
						"method": "GET",
						"header": [],
						"url": {
							"raw": "http://localhost:3004/api/drivers",
							"protocol": "http",
							"host": [
								"localhost"
							],
							"port": "3004",
							"path": [
								"api",
								"drivers"
							]
						}
					},
					"response": []
				},
				{
					"name": "Get Driver by ID",
					"request": {
						"method": "GET",
						"header": [],
						"url": {
							"raw": "http://localhost:3004/api/drivers/1",
							"protocol": "http",
							"host": [
								"localhost"
							],
							"port": "3004",
							"path": [
								"api",
								"drivers",
								"1"
							]
						}
					},
					"response": []
				},
				{
					"name": "Create New Driver",
					"request": {
						"method": "POST",
						"header": [
							{
								"key": "Content-Type",
								"value": "application/json"
							}
						],
						"body": {
							"mode": "raw",
							"raw": "{\r\n    \"name\": \"John Doe\",\r\n    \"contactNumber\": \"1234567890\",\r\n    \"email\": \"john@examplehhh.com\",\r\n    \"address1\": \"123 Main St\",\r\n    \"address2\": \"Apt 4\",\r\n    \"country\": \"USA\",\r\n    \"state\": \"CA\",\r\n    \"city\": \"San Francisco\",\r\n    \"truckType\": \"Semi\",\r\n    \"passportNumber\": \"ABC123\",\r\n    \"passportExpiryDate\": \"2023-12-31\",\r\n    \"idCardNumber\": \"XYZ456\",\r\n    \"idCardExpiryDate\": \"2023-12-31\",\r\n    \"drivingLicenseNumber\": \"DEF789\",\r\n    \"drivingLicenseExpiryDate\": \"2023-12-31\",\r\n    \"truckNumber\": \"TRK123\",\r\n    \"truckExpiryDate\": \"2023-12-31\",\r\n    \"status\": \"Active\",\r\n    \"whatsappNumber\" :  \"7040131845\"\r\n}"
						},
						"url": {
							"raw": "http://localhost:3004/api/drivers",
							"protocol": "http",
							"host": [
								"localhost"
							],
							"port": "3004",
							"path": [
								"api",
								"drivers"
							]
						}
					},
					"response": []
				},
				{
					"name": "Update Driver by ID",
					"request": {
						"method": "PUT",
						"header": [
							{
								"key": "Content-Type",
								"value": "application/json"
							}
						],
						"body": {
							"mode": "raw",
							"raw": "{\"name\": \"Updated Name\", \"contactNumber\": \"9876543210\"}"
						},
						"url": {
							"raw": "http://localhost:3004/api/drivers/1",
							"protocol": "http",
							"host": [
								"localhost"
							],
							"port": "3004",
							"path": [
								"api",
								"drivers",
								"1"
							]
						}
					},
					"response": []
				}
			]
		},
		{
			"name": "New Folder",
			"item": [
				{
					"name": "Create Driver Document Copy",
					"request": {
						"method": "POST",
						"header": [],
						"body": {
							"mode": "raw",
							"raw": "{\n  \"documentType\": \"License\",\n  \"documentPath\": \"/path/to/license\",\n  \"documentNumber\" : \"vi\",\n  \"driver_id\": 1\n}",
							"options": {
								"raw": {
									"language": "json"
								}
							}
						},
						"url": {
							"raw": "http://localhost:3004/api/driver_documents",
							"protocol": "http",
							"host": [
								"localhost"
							],
							"port": "3004",
							"path": [
								"api",
								"driver_documents"
							]
						}
					},
					"response": []
				},
				{
					"name": "Get All Driver Documents Copy",
					"request": {
						"method": "GET",
						"header": [],
						"url": {
							"raw": "http://localhost:3004/api/driver_documents",
							"protocol": "http",
							"host": [
								"localhost"
							],
							"port": "3004",
							"path": [
								"api",
								"driver_documents"
							]
						}
					},
					"response": []
				},
				{
					"name": "Get Driver Document by ID Copy",
					"request": {
						"method": "GET",
						"header": [],
						"url": {
							"raw": "http://localhost:3004/api/driver_documents/1",
							"protocol": "http",
							"host": [
								"localhost"
							],
							"port": "3004",
							"path": [
								"api",
								"driver_documents",
								"1"
							]
						}
					},
					"response": []
				},
				{
					"name": "Update Driver Document by ID Copy",
					"request": {
						"method": "PUT",
						"header": [],
						"body": {
							"mode": "raw",
							"raw": "{\n  \"documentPath\" : \"/path/to/updated/license\"\n}",
							"options": {
								"raw": {
									"language": "json"
								}
							}
						},
						"url": {
							"raw": "http://localhost:3004/api/driver_documents/1",
							"protocol": "http",
							"host": [
								"localhost"
							],
							"port": "3004",
							"path": [
								"api",
								"driver_documents",
								"1"
							],
							"query": [
								{
									"key": "document_id",
									"value": "1",
									"disabled": true
								}
							]
						}
					},
					"response": []
				},
				{
					"name": "Delete Driver Document by ID Copy",
					"request": {
						"method": "DELETE",
						"header": [],
						"url": {
							"raw": "http://localhost:3000/api/driver_documents/1",
							"protocol": "http",
							"host": [
								"localhost"
							],
							"port": "3000",
							"path": [
								"api",
								"driver_documents",
								"1"
							]
						}
					},
					"response": []
				}
			]
		},
		{
			"name": "Vehicle API",
			"item": [
				{
					"name": "Get All Vehicles Copy",
					"request": {
						"method": "GET",
						"header": [],
						"url": {
							"raw": "http://localhost:3000/api/vehicles",
							"protocol": "http",
							"host": [
								"localhost"
							],
							"port": "3000",
							"path": [
								"api",
								"vehicles"
							]
						}
					},
					"response": []
				},
				{
					"name": "Get Vehicle by ID Copy",
					"request": {
						"method": "GET",
						"header": [],
						"url": {
							"raw": "http://localhost:3000/api/vehicles/1",
							"protocol": "http",
							"host": [
								"localhost"
							],
							"port": "3000",
							"path": [
								"api",
								"vehicles",
								"1"
							]
						}
					},
					"response": []
				},
				{
					"name": "Create Vehicle Copy",
					"request": {
						"method": "POST",
						"header": [],
						"body": {
							"mode": "raw",
							"raw": "{\n\t\"registrationNumber\": \"ABC123\",\n\t\"vehicleType\": \"Truck\",\n\t\"capacityTons\": 5.5,\n\t\"currentLocation\": \"Warehouse A\",\n\t\"available\": true,\n\t\"driver_id\": 1\n}"
						},
						"url": {
							"raw": "http://localhost:3004/api/vehicles",
							"protocol": "http",
							"host": [
								"localhost"
							],
							"port": "3004",
							"path": [
								"api",
								"vehicles"
							]
						}
					},
					"response": []
				},
				{
					"name": "Update Vehicle by ID Copy",
					"request": {
						"method": "PUT",
						"header": [],
						"body": {
							"mode": "raw",
							"raw": "{\n\t\"registrationNumber\": \"XYZ789\",\n\t\"vehicleType\": \"Van\",\n\t\"capacityTons\": 4.2,\n\t\"currentLocation\": \"Warehouse B\",\n\t\"available\": false,\n\t\"driver_id\": 2\n}"
						},
						"url": {
							"raw": "http://localhost:3000/api/vehicles/1",
							"protocol": "http",
							"host": [
								"localhost"
							],
							"port": "3000",
							"path": [
								"api",
								"vehicles",
								"1"
							]
						}
					},
					"response": []
				},
				{
					"name": "Delete Vehicle by ID Copy",
					"request": {
						"method": "DELETE",
						"header": [],
						"url": {
							"raw": "http://localhost:3000/api/vehicles/1",
							"protocol": "http",
							"host": [
								"localhost"
							],
							"port": "3000",
							"path": [
								"api",
								"vehicles",
								"1"
							]
						}
					},
					"response": []
				}
			]
		},
		{
			"name": "Route Management API",
			"item": [
				{
					"name": "Create Route Copy",
					"request": {
						"method": "POST",
						"header": [],
						"body": {
							"mode": "raw",
							"raw": "{\n  \"originCountry\": \"1\",\n  \"originState\": \"1\",\n  \"originCity\": \"1\",\n  \"destinationCountry\": \"1\",\n  \"destinationState\": \"1\",\n  \"destinationCity\": \"1\",\n  \"totalFare\": 500.0,\n  \"border_id\" : 1 ,\n  \"border\": [\n    { \"country_id\" : \"1\" , \"borderName\": \"US-Canada\", \"type\": \"Out\" , \"charges\" : 500  },\n    { \"country_id\" : \"1\" , \"borderName\": \"Canada-US\", \"type\": \"In\" , \"charges\" : 500 }\n  ]\n}",
							"options": {
								"raw": {
									"language": "json"
								}
							}
						},
						"url": {
							"raw": "{{baseUrl}}/routes",
							"host": [
								"{{baseUrl}}"
							],
							"path": [
								"routes"
							]
						}
					},
					"response": []
				},
				{
					"name": "Get All Routes Copy",
					"request": {
						"method": "GET",
						"header": [],
						"url": {
							"raw": "{{baseUrl}}/routes",
							"host": [
								"{{baseUrl}}"
							],
							"path": [
								"routes"
							]
						}
					},
					"response": []
				},
				{
					"name": "Get Route by ID Copy",
					"request": {
						"method": "GET",
						"header": [],
						"url": {
							"raw": "{{baseUrl}}/routes/{routeId}",
							"host": [
								"{{baseUrl}}"
							],
							"path": [
								"routes",
								"{routeId}"
							]
						}
					},
					"response": []
				},
				{
					"name": "Update Route Copy",
					"request": {
						"method": "PUT",
						"header": [],
						"body": {
							"mode": "raw",
							"raw": "{\n  \"originCountry\": \"USA\",\n  \"originState\": \"California\",\n  \"originCity\": \"San Francisco\",\n  \"destinationCountry\": \"Canada\",\n  \"destinationState\": \"Ontario\",\n  \"destinationCity\": \"Toronto\",\n  \"totalFare\": 550.0,\n  \"borders\": [\n    { \"borderName\": \"US-Canada\", \"type\": \"Out\" },\n    { \"borderName\": \"Canada-US\", \"type\": \"In\" }\n  ]\n}"
						},
						"url": {
							"raw": "{{baseUrl}}/routes/{routeId}",
							"host": [
								"{{baseUrl}}"
							],
							"path": [
								"routes",
								"{routeId}"
							]
						}
					},
					"response": []
				},
				{
					"name": "Delete Route Copy",
					"request": {
						"method": "DELETE",
						"header": [],
						"url": {
							"raw": "{{baseUrl}}/routes/{routeId}",
							"host": [
								"{{baseUrl}}"
							],
							"path": [
								"routes",
								"{routeId}"
							]
						}
					},
					"response": []
				},
				{
					"name": "addcountries",
					"request": {
						"method": "POST",
						"header": [],
						"body": {
							"mode": "raw",
							"raw": "{\r\n    \"country_name\" : \"India\"\r\n}",
							"options": {
								"raw": {
									"language": "json"
								}
							}
						},
						"url": {
							"raw": "{{baseUrl}}location/countries",
							"host": [
								"{{baseUrl}}location"
							],
							"path": [
								"countries"
							]
						}
					},
					"response": []
				},
				{
					"name": "getAllcountries",
					"protocolProfileBehavior": {
						"disableBodyPruning": true
					},
					"request": {
						"method": "GET",
						"header": [],
						"body": {
							"mode": "raw",
							"raw": "{\r\n    \"country_name\" : \"India\"\r\n}",
							"options": {
								"raw": {
									"language": "json"
								}
							}
						},
						"url": {
							"raw": "{{baseUrl}}location/countries",
							"host": [
								"{{baseUrl}}location"
							],
							"path": [
								"countries"
							]
						}
					},
					"response": []
				},
				{
					"name": "add state",
					"request": {
						"method": "POST",
						"header": [],
						"body": {
							"mode": "raw",
							"raw": "{\r\n    \"state_name\" : \"Maharasht\"\r\n}",
							"options": {
								"raw": {
									"language": "json"
								}
							}
						},
						"url": {
							"raw": "{{baseUrl}}location/states",
							"host": [
								"{{baseUrl}}location"
							],
							"path": [
								"states"
							]
						}
					},
					"response": []
				},
				{
					"name": "get state",
					"protocolProfileBehavior": {
						"disableBodyPruning": true
					},
					"request": {
						"method": "GET",
						"header": [],
						"body": {
							"mode": "raw",
							"raw": "{\r\n    \"country_name\" : \"India\"\r\n}",
							"options": {
								"raw": {
									"language": "json"
								}
							}
						},
						"url": {
							"raw": "{{baseUrl}}location/states",
							"host": [
								"{{baseUrl}}location"
							],
							"path": [
								"states"
							]
						}
					},
					"response": []
				},
				{
					"name": "add city",
					"request": {
						"method": "POST",
						"header": [],
						"body": {
							"mode": "raw",
							"raw": "{\r\n    \"city_name\" : \"Aurangabad\" ,\r\n    \"state_id\" : 1\r\n}",
							"options": {
								"raw": {
									"language": "json"
								}
							}
						},
						"url": {
							"raw": "{{baseUrl}}location/citys",
							"host": [
								"{{baseUrl}}location"
							],
							"path": [
								"citys"
							]
						}
					},
					"response": []
				},
				{
					"name": "get all city",
					"protocolProfileBehavior": {
						"disableBodyPruning": true
					},
					"request": {
						"method": "GET",
						"header": [],
						"body": {
							"mode": "raw",
							"raw": "{\r\n    \"country_name\" : \"India\"\r\n}",
							"options": {
								"raw": {
									"language": "json"
								}
							}
						},
						"url": {
							"raw": "{{baseUrl}}location/countries",
							"host": [
								"{{baseUrl}}location"
							],
							"path": [
								"countries"
							]
						}
					},
					"response": []
				}
			]
		},
		{
			"name": "New Folder",
			"item": []
		},
		{
			"name": "customers",
			"item": [
				{
					"name": "New Request",
					"request": {
						"method": "GET",
						"header": []
					},
					"response": []
				},
				{
					"name": "Create Customer",
					"request": {
						"method": "POST",
						"header": [
							{
								"key": "Content-Type",
								"value": "application/json"
							}
						],
						"body": {
							"mode": "raw",
							"raw": "{\n  \"company_name\": \"ABC Corp\",\n  \"contact_person\": \"John Doe\",\n  \"email\": \"john.doe@example.com\",\n  \"phone_number\": 1234567890,\n  \"Tax_reg_no\": 987654321,\n  \"address\": \"123 Main St\",\n  \"citys\": 1,\n  \"state\": 1,\n  \"postal_code\": 12345,\n  \"country\": 1,\n  \"address2\": \"456 Second St\",\n  \"city2\": 2,\n  \"state2\": 2,\n  \"postal_code2\": 54321,\n  \"country2\": 2,\n  \"username\": \"john_doe\",\n  \"password\": \"securepassword\",\n  \"credit_limit\": 1000.00,\n  \"balance\": 0.00\n}"
						},
						"url": {
							"raw": "{{baseUrl}}/user/customers",
							"host": [
								"{{baseUrl}}"
							],
							"path": [
								"user",
								"customers"
							]
						}
					},
					"response": []
				},
				{
					"name": "Update Customer",
					"request": {
						"method": "PUT",
						"header": [
							{
								"key": "Content-Type",
								"value": "application/json"
							}
						],
						"body": {
							"mode": "raw",
							"raw": "{\n  \"company_name\": \"Updated Corp\",\n  \"contact_person\": \"Updated Doe\",\n  \"email\": \"updated.doe@example.com\",\n  \"phone_number\": 9876543210,\n  \"Tax_reg_no\": 123456789,\n  \"address\": \"Updated Main St\",\n  \"citys\": 3,\n  \"state\": 3,\n  \"postal_code\": 54321,\n  \"country\": 3,\n  \"address2\": \"Updated Second St\",\n  \"citys2\": 4,\n  \"state2\": 4,\n  \"postal_code2\": 98765,\n  \"country2\": 4,\n  \"username\": \"updated_doe\",\n  \"password\": \"updatedpassword\",\n  \"credit_limit\": 2000.00,\n  \"balance\": 500.00\n}"
						},
						"url": {
							"raw": "http://{{baseUrl}}.com/api/customers/{customer_id}",
							"protocol": "http",
							"host": [
								"{{baseUrl}}",
								"com"
							],
							"path": [
								"api",
								"customers",
								"{customer_id}"
							]
						}
					},
					"response": []
				},
				{
					"name": "Find Customer",
					"request": {
						"method": "GET",
						"header": [],
						"url": {
							"raw": "http://{{baseUrl}}.com/api/customers/{customer_id}",
							"protocol": "http",
							"host": [
								"{{baseUrl}}",
								"com"
							],
							"path": [
								"api",
								"customers",
								"{customer_id}"
							]
						}
					},
					"response": []
				},
				{
					"name": "Find All Customers",
					"request": {
						"method": "GET",
						"header": [],
						"url": {
							"raw": "http://{{baseUrl}}.com/api/customers",
							"protocol": "http",
							"host": [
								"{{baseUrl}}",
								"com"
							],
							"path": [
								"api",
								"customers"
							]
						}
					},
					"response": []
				},
				{
					"name": "Delete Customer",
					"request": {
						"method": "DELETE",
						"header": [],
						"url": {
							"raw": "http://{{baseUrl}}.com/api/customers/{customer_id}",
							"protocol": "http",
							"host": [
								"{{baseUrl}}",
								"com"
							],
							"path": [
								"api",
								"customers",
								"{customer_id}"
							]
						}
					},
					"response": []
				}
			]
		},
		{
			"name": "BookingsApi",
			"item": [
				{
					"name": "Create Booking",
					"request": {
						"method": "POST",
						"header": [],
						"body": {
							"mode": "raw",
							"raw": "{\n  \"customer_id\": 1,\n  \"customerCreditLimit\": 1000.0,\n  \"customerCreditUsed\": 500.0,\n  \"client_id\": 1,\n  \"routeName\": \"Example Route\",\n  \"routeFare\": 200.0,\n  \"allBordersFare\": 50.0,\n  \"driver_id\": 1,\n  \"remarkOnDriver\": \"Good driver\",\n  \"amountPaidToDriver\": 150.0,\n  \"attitude\": \"Positive\"\n}",
							"options": {
								"raw": {
									"language": "json"
								}
							}
						},
						"url": {
							"raw": "{{baseUrl}}/bookings",
							"host": [
								"{{baseUrl}}"
							],
							"path": [
								"bookings"
							]
						}
					},
					"response": []
				},
				{
					"name": "Get All Bookings",
					"request": {
						"method": "GET",
						"header": [],
						"url": {
							"raw": "{{baseUrl}}/bookings",
							"host": [
								"{{baseUrl}}"
							],
							"path": [
								"bookings"
							]
						}
					},
					"response": []
				},
				{
					"name": "Get Booking by ID",
					"request": {
						"method": "GET",
						"header": [],
						"url": {
							"raw": "{{baseUrl}}/bookings/:booking_id",
							"host": [
								"{{baseUrl}}"
							],
							"path": [
								"bookings",
								":booking_id"
							],
							"variable": [
								{
									"key": "booking_id",
									"value": ""
								}
							]
						}
					},
					"response": []
				},
				{
					"name": "Update Booking by ID",
					"request": {
						"method": "PUT",
						"header": [],
						"body": {
							"mode": "raw",
							"raw": "{\n  \"customerCreditUsed\": 600.0,\n  \"amountPaidToDriver\": 180.0\n}"
						},
						"url": {
							"raw": "{{baseUrl}}/bookings/:booking_id",
							"host": [
								"{{baseUrl}}"
							],
							"path": [
								"bookings",
								":booking_id"
							],
							"variable": [
								{
									"key": "booking_id",
									"value": ""
								}
							]
						}
					},
					"response": []
				},
				{
					"name": "Delete Booking by ID",
					"request": {
						"method": "DELETE",
						"header": [],
						"url": {
							"raw": "{{baseUrl}}/bookings/:booking_id",
							"host": [
								"{{baseUrl}}"
							],
							"path": [
								"bookings",
								":booking_id"
							],
							"variable": [
								{
									"key": "booking_id",
									"value": ""
								}
							]
						}
					},
					"response": []
				}
			]
		}
	],
	"variable": [
		{
			"key": "baseUrl",
			"value": "http://localhost:3004/api/"
		}
	]
}